{"+GnY0Ik2IgJyFIlityvbEg==":"black_mountain_college%20(1)-2000x1333.jpeg","Y/qaZ7xLXvXO7yaLl+eQrw==":"lusanne_collegiate_school_logo_-4%20(1)-162x143.png","bIZJFEuWIrk8Gxf3wa3s7Q==":"facilities-feature-lg%20(1)-1000x370.jpg","EvpFJuRkv7pySHHfhCVJLw==":"black_mountain_college%20(1)-2000x1333.jpg","i2dLa7p3cm8NO0noQpNzbg==":"mark%20hunter-300x300.png","Y6ruTRnQn2Mzgku0pf9LiA==":"image-300x300.png","5OyOiI4ERTqdh1eHU1MnyQ==":"shri_portrait-720-300x300.jpg","ryyR28EctuXQgyc8bUa7cQ==":"unnamed-300x300.jpg","Ur1ELUlbgP9cLtW3zCBFhg==":"1658328946262%20(1)-200x200.jpg","8rBCNkVg3402WKQ31KPcIA==":"unnamed-1-300x300.jpg","BN3BsbkaR3OH5leESPZv4A==":"1676318182928-506x506.jpg","SNI+cfpwkYU94K6KG4FbGg==":"qhgcf1u0_400x400-399x399.jpg","mcsYG2Sga+5LGn/K6req3w==":"1.png","AKtRsrj41Kg847ciSq/mSA==":"university-of-south-florida-logo-288x162.png","QpXQPmlojpNyIH8VO2GeMA==":"university-of-south-florida-logo-384x216.png","EWTNygDH+mUd94kaoY286A==":"university-of-south-florida-logo-812x457.png","mti8geKhKxASlmswoF8vqA==":"harvard_university_logo.svg-320x84.png","m+ZCeyzYDaLfuaP+t8G49w==":"stanford-university-logo-320x105.png","ovAP40V3OT0uCe7ukMhLNg==":"logo-white-black-320x178.jpg","2dbRITny3TJd9kb9NN/TFQ==":"644-6444605_columbia-university-collection-columbia-university-transparent-logo-hd-320x320.png","kehVMpcvKfhHqW6tVTGw+w==":"columbia-university-logo_vector-320x320.png","hnHaNivx/6nyUEudp8vRoQ==":"logo-cornell-320x80.png"}